ID,name,name (es),topic,theme,option,level,Category,Hours,essential idea,essential idea (es),subsubtopic
1.1,Introduction to the particulate nature of matter and chemical change,Introducción a la naturaleza corpuscular de la materia y al cambio químico,1,stoichiometric relationships,0 checked out of 1,core,Essential idea,2.5,Physical and chemical properties depend on the ways in which different atoms combine.,Las propiedades físicas y químicas dependen de la forma en que se combinen los distintos átomos.,"1.1.NoS,1.1.U1,1.1.U2,1.1.U3,1.1.AS1,1.1.AS2,1.1.AS3,1.1.G1,1.1.G2,1.1.G3,1.1.G4,1.1.IM1,1.1.IM2,1.1.ToK1,1.1.ToK2,1.1.Uz1,1.1.Uz2,1.1.Uz3,1.1.Aims1"
1.2,The mole concept,El concepto de mol,1,stoichiometric relationships,0 checked out of 1,core,Essential idea,5.0,The mole makes it possible to correlate the number of particles with the mass that can be measured,El mol permite relacionar el número de partículas con la masa que se puede medir.,"1.2.NoS,1.2.U1,1.2.U2,1.2.U3,1.2.U4,1.2.AS1,1.2.AS2,1.2.AS3,1.2.AS4,1.2.AS5,1.2.G1,1.2.G2,1.2.IM1,1.2.IM2,1.2.ToK1,1.2.Uz1,1.2.Uz2,1.2.Aims1,1.2.Aims2"
1.3,Reacting masses and volumes,Masas y volúmenes reaccionantes,1,stoichiometric relationships,0 checked out of 1,core,Essential idea,6.0,Mole ratios in chemical equations can be used to calculate reacting ratios by mass and gas volume.,Las relaciones molares en las ecuaciones químicas se pueden usar para calcular las relaciones de reacción en masa y volumen de gas.,"1.3.NoS,1.3.U1,1.3.U2,1.3.U3,1.3.U4,1.3.U5,1.3.U6,1.3.AS1,1.3.AS2,1.3.AS3,1.3.AS4,1.3.AS5,1.3.AS6,1.3.AS7,1.3.AS8,1.3.G1,1.3.G2,1.3.G3,1.3.G4,1.3.IM1,1.3.ToK1,1.3.ToK2,1.3.Uz1,1.3.Uz2,1.3.Aims1,1.3.Aims2,1.3.Aims3"
2.1,The nuclear atom,El átomo nuclear,2,atomic structure,0 checked out of 1,core,Essential idea,3.0,"The mass of an atom is concentrated in its minute, positively charged nucleus.","La masa del átomo se concentra en su diminuto núcleo, cargado positivamente.","2.1.NoS1,2.1.NoS2,2.1.U1,2.1.U2,2.1.U3,2.1.AS1,2.1.AS2,2.1.G1,2.1.G2,2.1.G3,2.1.IM1,2.1.ToK1,2.1.ToK2,2.1.Uz1,2.1.Uz2,2.1.Aims1,2.1.Aims2"
2.2,Electron configuration,Configuración electrónica,2,atomic structure,0 checked out of 1,core,Essential idea,3.0,The electron configuration of an atom can be deduced from its atomic number.,La configuración electrónica de un átomo se puede deducir a partir de su número atómico.,"2.2.NoS1,2.2.NoS2,2.2.NoS3,2.2.U1,2.2.U2,2.2.U3,2.2.U4,2.2.U5,2.2.U6,2.2.AS1,2.2.AS2,2.2.AS3,2.2.AS4,2.2.AS5,2.2.G1,2.2.G2,2.2.G3,2.2.G4,2.2.G5,2.2.IM1,2.2.ToK1,2.2.ToK2,2.2.Uz1,2.2.Uz2,2.2.Uz3,2.2.Aims1"
3.1,Periodic table,Tabla periódica,3,periodicity,0 checked out of 1,core,Essential idea,1.0,The arrangement of elements in the periodic table helps to predict their electron configuration.,El ordenamiento de los elementos en la tabla periódica ayuda a predecir su configuración electrónica.,"3.1.NoS,3.1.U1,3.1.U2,3.1.U3,3.1.U4,3.1.U5,3.1.AS1,3.1.G1,3.1.G2,3.1.IM1,3.1.ToK1,3.1.Uz1,3.1.Aims1,3.1.Aims2,3.1.Aims3"
3.2,Periodic trends,Tendencias periódicas,3,periodicity,0 checked out of 1,core,Essential idea,5.0,Elements show trends in their physical and chemical properties across periods and down groups.,Los elementos presentan tendencias en cuanto a sus propiedades físicas y químicas a lo largo de los períodos y hacia abajo de los grupos.,"3.2.NoS,3.2.U1,3.2.U2,3.2.U3,3.2.AS1,3.2.AS2,3.2.AS3,3.2.G1,3.2.G2,3.2.IM1,3.2.ToK1,3.2.ToK2,3.2.Aims1,3.2.Aims2,3.2.Aims3,3.2.Aims4"
4.1,Ionic bonding and structure,Enlace iónico y estructura,4,chemical bonding and structure,0 checked out of 1,core,Essential idea,2.0,Ionic compounds consist of ions held together in lattice structures by ionic bonds.,Los compuestos iónicos consisten en iones mantenidos juntos por enlaces iónicos en estructuras de red.,"4.1.NoS,4.1.U1,4.1.U2,4.1.U3,4.1.U4,4.1.U5,4.1.AS1,4.1.AS2,4.1.G1,4.1.ToK1,4.1.ToK2,4.1.Uz1,4.1.Aims1,4.1.Aims2,4.1.Aims3"
4.2,Covalent bonding,Enlace covalente,4,chemical bonding and structure,0 checked out of 1,core,Essential idea,3.0,Covalent compounds form by the sharing of electrons.,Los compuestos covalentes se forman compartiendo electrones.,"4.2.NoS1,4.2.NoS2,4.2.U1,4.2.U2,4.2.U3,4.2.U4,4.2.AS1,4.2.G1,4.2.G2,4.2.Uz1,4.2.Aims1"
4.3,Covalent structures,Estructuras covalentes,4,chemical bonding and structure,0 checked out of 1,core,Essential idea,5.0,Lewis (electron dot) structures show the electron domains in the valence shell and are used to predict molecular shape.,Las estructuras de Lewis (representación de electrones mediante puntos) representan los dominios electrónicos de la capa de valencia y se usan para predecir la forma molecular.,"4.3.NoS,4.3.U1,4.3.U2,4.3.U3,4.3.U4,4.3.U5,4.3.U6,4.3.AS1,4.3.AS2,4.3.AS3,4.3.AS4,4.3.AS5,4.3.AS6,4.3.G1,4.3.G2,4.3.G3,4.3.G4,4.3.ToK1,4.3.Aims1"
4.4,Intermolecular forces,Fuerzas intermoleculares,4,chemical bonding and structure,0 checked out of 1,core,Essential idea,3.0,The physical properties of molecular substances result from different types of forces between their molecules.,Las propiedades físicas de las sustancias moleculares son el resultado de las diferentes fuerzas que actúan entre sus moléculas.,"4.4.NoS,4.4.U1,4.4.U2,4.4.AS1,4.4.AS2,4.4.G1,4.4.ToK1,4.4.Aims1"
4.5,Metallic bonding,Enlace metálico,4,chemical bonding and structure,0 checked out of 1,core,Essential idea,0.5,Metallic bonds involve a lattice of cations with delocalized electrons.,Los enlaces metálicos son una red de cationes con electrones deslocalizados.,"4.5.NoS,4.5.U15,4.5.U2,4.5.U3,4.5.AS1,4.5.AS2,4.5.AS3,4.5.G1,4.5.G2,4.5.IM1,4.5.Aims1,4.5.Aims2"
5.1,Measuring energy changes,Medición de variaciones de energía,5,energetics / thermochemistry,0 checked out of 1,core,Essential idea,4.0,The enthalpy changes from chemical reactions can be calculated from their effect on the temperature of their surroundings.,Las variaciones de entalpía de las reacciones químicas se pueden calcular a partir de su efecto sobre la temperatura de los alrededores.,"5.1.NoS1,5.1.NoS2,5.1.U1,5.1.U2,5.1.U3,5.1.U4,5.1.U5,5.1.U6,5.1.AS1,5.1.AS2,5.1.G1,5.1.G2,5.1.G3,5.1.G4,5.1.G5,5.1.G6,5.1.IM1,5.1.ToK1,5.1.Uz1,5.1.Aims1,5.1.Aims2,5.1.Aims3"
5.2,Hess’s Law,Ley de Hess,5,energetics / thermochemistry,0 checked out of 1,core,Essential idea,2.0,In chemical transformations energy can neither be created nor destroyed (the first law of thermodynamics).,"En las transformaciones químicas, la energía no se puede crear ni destruir (primera ley de la termodinámica).","5.2.NoS,5.2.U1,5.2.AS1,5.2.AS2,5.2.AS3,5.2.G1,5.2.G2,5.2.IM1,5.2.ToK1,5.2.Uz1,5.2.Aims1,5.2.Aims2,5.2.Aims3"
5.3,Bond enthalpies,Entalpía de enlace,5,energetics / thermochemistry,0 checked out of 1,core,Essential idea,3.0,Energy is absorbed when bonds are broken and is released when bonds are formed.,"Cuando los enlaces se rompen, se absorbe energía y cuando se forman, se libera energía.","5.3.NoS,5.3.U1,5.3.U2,5.3.AS1,5.3.AS2,5.3.AS3,5.3.G1,5.3.G2,5.3.IM1,5.3.Uz1,5.3.Aims1,5.3.Aims2,5.3.Aims3"
6.1,Collision theory and rates of reaction,Teoría de las colisiones y velocidades de reacción,6,chemical kinetics,0 checked out of 1,core,Essential idea,7.0,"The greater the probability that molecules will collide with sufficient energy and proper orientation, the higher the rate of reaction.","Cuanto mayor sea la probabilidad de que las moléculas choquen con energía suficiente y orientación adecuada, mayor será la velocidad de reacción.","6.1.NoS,6.1.U1,6.1.U2,6.1.U3,6.1.U4,6.1.U5,6.1.AS1,6.1.AS2,6.1.AS3,6.1.AS4,6.1.AS5,6.1.AS6,6.1.G1,6.1.G2,6.1.IM1,6.1.ToK1,6.1.Aims1,6.1.Aims2,6.1.Aims3,6.1.Aims4,6.1.Aims5"
7.1,Equilibrium,Equilibrio,7,equilibrium,0 checked out of 1,core,Essential idea,4.5,Many reactions are reversible. These reactions will reach a state of equilibrium when the rates of the forward and reverse reaction are equal. The position of equilibrium can be controlled by changing the conditions.,Muchas reacciones son reversibles. Estas reacciones alcanzarán un estado de equilibrio cuando las velocidades de reacción directa e inversa sean iguales. La posición de equilibrio se puede controlar variando esas condiciones.,"7.1.NoS1,7.1.NoS2,7.1.U1,7.1.U2,7.1.U3,7.1.U4,7.1.U5,7.1.AS1,7.1.AS2,7.1.AS3,7.1.AS4,7.1.G1,7.1.G2,7.1.G3,7.1.IM1,7.1.ToK1,7.1.ToK2,7.1.ToK3,7.1.Uz1,7.1.Aims1,7.1.Aims2,7.1.Aims3"
8.1,Theories of acids and bases,Teorías de ácidos y bases,8,acids and bases,0 checked out of 1,core,Essential idea,1.5,Many reactions involve the transfer of a proton from an acid to a base.,Muchas reacciones implican la transferencia de un protón de un ácido a una base.,"8.1.NoS1,8.1.NoS2,8.1.NoS3,8.1.U1,8.1.U2,8.1.U3,8.1.AS1,8.1.AS2,8.1.G1,8.1.G2,8.1.G3,8.1.G4,8.1.IM1,8.1.ToK1,8.1.Aims1"
8.2,Properties of acids and bases,Propiedades de ácidos y bases,8,acids and bases,0 checked out of 1,core,Essential idea,1.0,"The characterization of an acid depends on empirical evidence such as the production of gases in reactions with metals, the colour changes of indicators or the release of heat in reactions with metal oxides and hydroxides.","La caracterización de un ácido depende de la evidencia empírica como la producción de gases cuando reacciona con los metales, las variaciones de color de los indicadores o la liberación de calor cuando reacciona con óxidos e hidróxidos metálicos.","8.2.NoS,8.2.U1,8.2.U2,8.2.AS1,8.2.AS2,8.2.AS3,8.2.G1,8.2.G2,8.2.Uz1,8.2.Aims1"
8.3,The pH scale,La escala de pH,8,acids and bases,0 checked out of 1,core,Essential idea,2.0,"The pH scale is an artificial scale used to distinguish between acid, neutral and basic/alkaline solutions.","La escala de pH es una escala artificial usada para distinguir entre soluciones ácidas, neutras y básicas/alcalinas.","8.3.NoS,8.3.U1,8.3.U2,8.3.U3,8.3.U4,8.3.AS1,8.3.AS2,8.3.G1,8.3.G2,8.3.G3,8.3.G4,8.3.ToK1,8.3.Aims1,8.3.Aims2"
8.4,Strong and weak acids and bases,Ácidos y bases fuertes y débiles,8,acids and bases,0 checked out of 1,core,Essential idea,1.0,The pH depends on the concentration of the solution. The strength of acids or bases depends on the extent to which they dissociate in aqueous solution.,El pH depende de la concentración de la solución. La fuerza de ácidos y bases depende de su grado de disociación en solución acuosa.,"8.4.NoS1,8.4.NoS2,8.4.NoS3,8.4.U1,8.4.U2,8.4.U3,8.4.U4,8.4.AS1,8.4.G1,8.4.G2,8.4.ToK1,8.4.Aims1,8.4.Aims2"
8.5,Acid deposition,Deposición ácida,8,acids and bases,0 checked out of 1,core,Essential idea,1.0,"Increased industrialization has led to greater production of nitrogen and sulfur oxides leading to acid rain, which is damaging our environment. These problems can be reduced through collaboration with national and intergovernmental organizations.","La industrialización creciente ha conducido a una mayor producción de óxidos de nitrógeno y azufre; estos provocan la lluvia ácida, la cual, a su vez, está deteriorando nuestro medio ambiente. Estos problemas se pueden reducir con la colaboración de organizaciones nacionales e intergubernamentales.","8.5.NoS,8.5.U1,8.5.U2,8.5.U3,8.5.AS1,8.5.AS2,8.5.AS3,8.5.IM1,8.5.ToK1,8.5.Aims1,8.5.Aims2,8.5.Aims3"
9.1,Oxidation and reduction,Oxidación y reducción,9,redox processes,0 checked out of 1,core,Essential idea,4.0,Redox (reduction–oxidation) reactions play a key role in many chemical and biochemical processes.,Las reacciones rédox (reducción-oxidación) juegan un papel fundamental en muchos procesos químicos y bioquímicos.,"9.1.NoS,9.1.U1,9.1.U2,9.1.U3,9.1.U4,9.1.U5,9.1.AS1,9.1.AS2,9.1.AS3,9.1.AS4,9.1.AS5,9.1.AS6,9.1.AS7,9.1.G1,9.1.G2,9.1.G3,9.1.G4,9.1.IM1,9.1.ToK1,9.1.ToK2,9.1.Uz1,9.1.Uz2,9.1.Uz3,9.1.Uz4,9.1.Uz5,9.1.Aims1,9.1.Aims2"
9.2,Electrochemical cells,Celdas electroquímicas,9,redox processes,0 checked out of 1,core,Essential idea,4.0,Voltaic cells convert chemical energy to electrical energy and electrolytic cells convert electrical energy to chemical energy.,Las pilas voltaicas convierten energía química en energía eléctrica y las celdas electrolíticas convierten energía eléctrica en energía química.,"9.2.NoS,9.2.U1,9.2.U2,9.2.U3,9.2.U4,9.2.AS1,9.2.AS2,9.2.AS3,9.2.AS4,9.2.AS5,9.2.G1,9.2.IM1,9.2.ToK1,9.2.Uz1,9.2.Uz2,9.2.Aims1,9.2.Aims2,9.2.Aims3"
10.1,Fundamentals of organic chemistry,Fundamentos de química orgánica,10,organic chemistry,0 checked out of 1,core,Essential idea,4.5,Organic chemistry focuses on the chemistry of compounds containing carbon.,La química orgánica trata la química de los compuestos que contienen carbono.,"10.1.NoS1,10.1.NoS2,10.1.U1,10.1.U2,10.1.U3,10.1.U4,10.1.U5,10.1.U6,10.1.AS1,10.1.AS2,10.1.AS3,10.1.AS4,10.1.AS5,10.1.AS6,10.1.AS7,10.1.AS8,10.1.G1,10.1.G2,10.1.G3,10.1.G4,10.1.IM1,10.1.IM2,10.1.ToK1,10.1.ToK2,10.1.Uz1,10.1.Uz2,10.1.Aims1,10.1.Aims2,10.1.Aims3,10.1.Aims4"
10.2,Functional group chemistry,Química de los grupos funcionales,10,organic chemistry,0 checked out of 1,core,Essential idea,6.5,"Structure, bonding and chemical reactions involving functional group interconversions are key strands in organic chemistry.","La estructura, el enlace y las reacciones químicas que implican las interconversiones entre grupos funcionales son las claves de la química orgánica.","10.2.NoS,10.2.U1,10.2.U2,10.2.U3,10.2.U4,10.2.U5,10.2.U6,10.2.AS1,10.2.AS2,10.2.AS3,10.2.AS4,10.2.AS5,10.2.AS6,10.2.AS7,10.2.AS8,10.2.AS9,10.2.G1,10.2.G2,10.2.IM1,10.2.IM2,10.2.Uz1,10.2.Uz2,10.2.Uz3,10.2.Uz4,10.2.Uz5,10.2.Aims1,10.2.Aims2"
11.1,Uncertainties and errors in measurement and results,Incertidumbres y errores en la medición y los resultados,11a,measurement and data processing,0 checked out of 1,core,Essential idea,2.0,"All measurement has a limit of precision and accuracy, and this must be taken into account when evaluating experimental results.",Todas las mediciones tienen un límite de precisión y exactitud y esto se debe tener en cuenta al evaluar resultados experimentales.,"11.1.NoS,11.1.U1,11.1.U2,11.1.U3,11.1.U4,11.1.U5,11.1.AS1,11.1.AS2,11.1.AS3,11.1.AS4,11.1.AS5,11.1.AS6,11.1.AS7,11.1.AS8,11.1.G1,11.1.G2,11.1.G3,11.1.IM1,11.1.ToK1,11.1.Uz1,11.1.Uz2,11.1.Aims1,11.1.Aims2"
11.2,Graphical techniques,Técnicas gráficas,11a,measurement and data processing,0 checked out of 1,core,Essential idea,2.0,Graphs are a visual representation of trends in data,Los gráficos son representaciones visuales de las tendencias que presentan los datos.,"11.2.NoS,11.2.U1,11.2.U2,11.2.U3,11.2.AS1,11.2.AS2,11.2.AS3,11.2.AS4,11.2.IM1,11.2.ToK1,11.2.Uz1,11.2.Aims1"
11.3,Spectroscopic identification of organic compounds,Identificación espectroscópica de compuestos orgánicos,11b,spectroscopic identification of organic compounds,0 checked out of 1,core,Essential idea,6.0,"Analytical techniques can be used to determine the structure of a compound, analyse the composition of a substance or determine the purity of a compound. Spectroscopic techniques are used in the structural identification of organic and inorganic compounds.","Las técnicas analíticas se pueden usar para determinar la estructura de un compuesto, analizar la composición de una sustancia o determinar la pureza de un compuesto. Las técnicas espectroscópicas se usan para la identificación estructural de compuestos orgánicos e inorgánicos.","11.3.NoS1,11.3.NoS2,11.3.U1,11.3.U2,11.3.AS1,11.3.AS2,11.3.G1,11.3.G2,11.3.G3,11.3.IM1,11.3.ToK1,11.3.Uz1,11.3.Uz2,11.3.Aims1,11.3.Aims2"
12.1,Electrons in atoms,Los electrones en los átomos,12,atomic structure,0 checked out of 1,HL,Essential idea,2.0,The quantized nature of energy transitions is related to the energy states of electrons in atoms and molecules.,La naturaleza cuántica de las transiciones de energía se relaciona con los estados energéticos de los electrones en los átomos y moléculas.,"12.1.NoS,12.1.U1,12.1.U2,12.1.U3,12.1.AS1,12.1.AS2,12.1.AS3,12.1.AS4,12.1.G1,12.1.G2,12.1.IM1,12.1.ToK1,12.1.ToK2,12.1.Uz1,12.1.Aims1"
13.1,First-row d-block elements,Elementos de la primera fila del bloque d,13,periodicity,0 checked out of 1,HL,Essential idea,2.0,The transition elements have characteristic properties; these properties are related to their all having incomplete d sublevels.,Los elementos de transición tienen propiedades características; estas propiedades se relacionan con el hecho de que todos tienen subniveles d incompletos.,"13.1.NoS,13.1.U1,13.1.U2,13.1.U3,13.1.AS1,13.1.AS2,13.1.AS3,13.1.AS4,13.1.G1,13.1.IM1,13.1.ToK1,13.1.Aims1,13.1.Aims2"
13.2,Coloured complexes,Complejos coloreados,13,periodicity,0 checked out of 1,HL,Essential idea,2.0,"d-orbitals have the same energy in an isolated atom, but split into two sub-levels in a complex ion. The electric field of ligands may cause the d-orbitals in complex ions to split so that the energy of an electron transition between them corresponds to a photon of visible ligh","En un átomo aislado, los orbitales d tienen la misma energía, pero en un ion complejo se desdoblan en dos subniveles. El campo eléctrico de los ligandos puede provocar que los orbitales d en los iones complejos se desdoblen de modo que la energía de una transición electrónica entre ellos corresponde a la de un fotón de luz visible.","13.2.NoS1,13.2.NoS2,13.2.U1,13.2.U2,13.2.U3,13.2.AS1,13.2.AS2,13.2.G1,13.2.G2,13.2.G3,13.2.G4,13.2.Aims1,13.2.Aims2,13.2.Aims3"
14.1,Covalent bonding and electron domain and molecular geometries,Aspectos adicionales del enlace covalente y estructura,14,chemical bonding and structure,0 checked out of 1,HL,Essential idea,5.0,Larger structures and more in-depth explanations of bonding systems often require more sophisticated concepts and theories of bonding.,"Para explicar con mayor profundidad estructuras más grandes, con frecuencia se requieren conceptos y teorías de enlace más sofisticados.","14.1.NoS,14.1.U1,14.1.U2,14.1.U3,14.1.U4,14.1.U5,14.1.AS1,14.1.AS2,14.1.AS3,14.1.AS4,14.1.AS5,14.1.AS6,14.1.G1,14.1.G2,14.1.IM1,14.1.IM2,14.1.ToK1,14.1.Uz1,14.1.Uz2,14.1.Aims1,14.1.Aims2,14.1.Aims3"
14.2,Hybridization,Hibridación,14,chemical bonding and structure,0 checked out of 1,HL,Essential idea,2.0,Hybridization results from the mixing of atomic orbitals to form the same number of new equivalent hybrid orbitals that can have the same mean energy as the contributing atomic orbitals.,La hibridación es consecuencia de la combinación de orbitales atómicos para formar el mismo número de orbitales nuevos híbridos equivalentes que tienen la misma energía media que los orbitales atómicos que los forman.,"14.2.NoS,14.2.U1,14.2.AS1,14.2.AS2,14.2.G1,14.2.ToK1,14.2.Aims1"
15.1,Energy cycles,Ciclos de energía,15,energetics / thermochemistry,0 checked out of 1,HL,Essential idea,3.0,The concept of the energy change in a single step reaction being equivalent to the summation of smaller steps can be applied to changes involving ionic compounds.,El concepto de que la variación de energía de una reacción en una sola etapa es equivalente a la suma de etapas más pequeñas se puede aplicar a los cambios en los que intervienen compuestos iónicos.,"15.1.NoS,15.1.U1,15.1.U2,15.1.AS1,15.1.AS2,15.1.AS3,15.1.AS4,15.1.AS5,15.1.G1,15.1.G2,15.1.G3,15.1.IM1,15.1.Uz1,15.1.Aims1,15.1.Aims2,15.1.Aims3"
15.2,Entropy and spontaneity,Entropía y espontaneidad,15,energetics / thermochemistry,0 checked out of 1,HL,Essential idea,4.0,A reaction is spontaneous if the overall transformation leads to an increase in total entropy (system plus surroundings). The direction of spontaneous change always increases the total entropy of the universe at the expense of energy available to do useful work. This is known as the second law of thermodynamics.,Una reacción es espontánea si la transformación total produce un aumento de la entropía total (sistema más alrededores). La dirección del cambio espontáneo siempre aumenta la entropía total del universo a expensas de la energía disponible para realizar trabajo útil. Esto se conoce como segundo principio de la termodinámica.,"15.2.NoS,15.2.U1,15.2.U2,15.2.U3,15.2.AS1,15.2.AS2,15.2.AS3,15.2.AS4,15.2.G1,15.2.G2,15.2.G3,15.2.IM1,15.2.ToK1,15.2.Aims1,15.2.Aims2"
16.1,Rate expression and reaction mechanism,Expresión de velocidad y mecanismo de reacción,16,chemical kinetics,0 checked out of 1,HL,Essential idea,4.0,"Rate expressions can only be determined empirically and these limit possible reaction mechanisms. In particular cases, such as a linear chain of elementary reactions, no equilibria and only one significant activation barrier, the rate equation is equivalent to the slowest step of the reaction.","Las expresiones de velocidad solo se pueden determinar empíricamente y esto limita los posibles mecanismos de reacción. En casos particulares, como el de las reacciones elementales de cadena lineal, sin equilibrios y con una sola barrera de activación significativa, la ecuación de velocidad es equivalente a la etapa más lenta de la reacción.","16.1.NoS,16.1.U1,16.1.U2,16.1.U3,16.1.U4,16.1.U5,16.1.U6,16.1.AS1,16.1.AS2,16.1.AS3,16.1.G1,16.1.G2,16.1.G3,16.1.G4,16.1.G5,16.1.G6,16.1.IM1,16.1.ToK1,16.1.Uz1,16.1.Aims1"
16.2,Activation energy,Energía de activación,16,chemical kinetics,0 checked out of 1,HL,Essential idea,2.0,The activation energy of a reaction can be determined from the effect of temperature on reaction rate,La energía de activación de una reacción se puede determinar a partir del efecto de la temperatura sobre la velocidad de dicha reacción.,"16.2.NoS,16.2.U1,16.2.U2,16.2.U3,16.2.AS1,16.2.AS2,16.2.AS3,16.2.AS4,16.2.G1,16.2.G2,16.2.Uz1,16.2.Uz2,16.2.Aims1,16.2.Aims2,16.2.Aims3"
17.1,The equilibrium law,Ley de equilibrio,17,equilibrium,0 checked out of 1,HL,Essential idea,4.0,The position of equilibrium can be quantified by the equilibrium law. The equilibrium constant for a particular reaction only depends on the temperature.,La ley de equilibrio cuantifica la posición de equilibrio. La constante de equilibrio para una reacción en particular solo depende de la temperatura.,"17.1.NoS,17.1.U1,17.1.U2,17.1.U3,17.1.AS1,17.1.AS2,17.1.AS3,17.1.G1,17.1.G2,17.1.G3,17.1.ToK1,17.1.ToK2,17.1.ToK3,17.1.Uz1,17.1.Aims1,17.1.Aims2"
18.1,Lewis acids and bases,Ácidos y bases de Lewis,18,acids and bases,0 checked out of 1,HL,Essential idea,1.0,The acid–base concept can be extended to reactions that do not involve proton transfer.,El concepto de ácido-base se puede extender a reacciones que no implican transferencia de protones.,"18.1.NoS,18.1.U1,18.1.U2,18.1.U3,18.1.AS1,18.1.G1,18.1.G2,18.1.IM1,18.1.ToK1,18.1.Aims1,18.1.Aims2"
18.2,Calculations involving acids and bases,Cálculos con ácidos y bases,18,acids and bases,0 checked out of 1,HL,Essential idea,4.0,The equilibrium law can be applied to acid–base reactions. Numerical problems can be simplified by making assumptions about the relative concentrations of the species involved. The use of logarithms is also significant here.,La ley de equilibrio se puede aplicar a las reacciones ácido-base. Los problemas numéricos se pueden simplificar realizando suposiciones acerca de las concentraciones relativas de las especies implicadas. El uso de logaritmos también es importante.,"18.2.NoS,18.2.U1,18.2.U2,18.2.U3,18.2.AS1,18.2.AS2,18.2.G1,18.2.G2,18.2.G3,18.2.G4,18.2.G5,18.2.G6,18.2.IM1,18.2.Aims1"
18.3,pH curves,Curvas de pH,18,acids and bases,0 checked out of 1,HL,Essential idea,5.0,pH curves can be investigated experimentally but are mathematically determined by the dissociation constants of the acid and base. An indicator with an appropriate end point can be used to determine the equivalence point of the reaction.,"Las curvas de pH se pueden investigar experimentalmente, pero están determinadas matemáticamente por las constantes de disociación del ácido y la base. Se puede usar un indicador con un punto final adecuado para determinar el punto de equivalencia de la reacción.","18.3.NoS,18.3.U1,18.3.U2,18.3.U3,18.3.U4,18.3.U5,18.3.AS1,18.3.AS2,18.3.AS3,18.3.AS4,18.3.G1,18.3.G2,18.3.G3,18.3.G4,18.3.G5,18.3.G6,18.3.ToK1,18.3.Aims1,18.3.Aims2"
19.1,Electrochemical cells,Celdas electroquímicas,19,redox processes,0 checked out of 1,HL,Essential idea,6.0,Energy conversions between electrical and chemical energy lie at the core of electrochemical cells.,Las conversiones entre energía eléctrica y química son el núcleo de las celdas electroquímicas.,"19.1.NoS1,19.1.NoS2,19.1.U1,19.1.U2,19.1.U3,19.1.U4,19.1.U5,19.1.U6,19.1.AS1,19.1.AS2,19.1.AS3,19.1.AS4,19.1.AS5,19.1.AS6,19.1.AS7,19.1.G1,19.1.G2,19.1.G3,19.1.G4,19.1.IM1,19.1.ToK1,19.1.Uz1,19.1.Uz2,19.1.Uz3,19.1.Aims1"
20.1,Types of organic reactions,Tipos de reacciones orgánicas,20,organic chemistry,0 checked out of 1,HL,Essential idea,7.0,"Key organic reaction types include nucleophilic substitution, electrophilic addition, electrophilic substitution and redox reactions. Reaction mechanisms vary and help in understanding the different types of reaction taking place.","Los tipos de reacciones orgánicas fundamentales son la sustitución nucleófila, la adición electrófila, la sustitución electrófila y las reacciones rédox. Los mecanismos de reacción varían y ayudan a comprender los diferentes tipos de reacción que se producen.","20.1.NoS1,20.1.NoS2,20.1.U1,20.1.U2,20.1.U3,20.1.U4,20.1.U5,20.1.U6,20.1.U7,20.1.U8,20.1.AS1,20.1.AS2,20.1.AS3,20.1.AS4,20.1.AS5,20.1.AS6,20.1.AS7,20.1.G1,20.1.G2,20.1.G3,20.1.G4,20.1.G5,20.1.IM1,20.1.Uz1,20.1.Uz2,20.1.Aims1,20.1.Aims2,20.1.Aims3"
20.2,Synthetic routes,Rutas de síntesis,20,organic chemistry,0 checked out of 1,HL,Essential idea,2.0,Organic synthesis is the systematic preparation of a compound from a widely available starting material or the synthesis of a compound via a synthetic route that often can involve a series of different steps,La síntesis orgánica es el proceso sistemático de preparación de un compuesto a partir de una amplia variedad de materiales iniciales o la síntesis de un compuesto por medio de una ruta que puede suponer una serie de etapas diferentes.,"20.2.NoS,20.2.U1,20.2.U2,20.2.AS1,20.2.G1,20.2.G2,20.2.IM1,20.2.ToK1,20.2.Uz1,20.2.Aims1,20.3.Aims1"
20.3,Stereoisomerism,Estereoisomería,20,organic chemistry,0 checked out of 1,HL,Essential idea,3.0,"Stereoisomerism involves isomers which have different arrangements of atoms in space but do not differ in connectivity or bond multiplicity (ie whether single, double or triple) between the isomers themselves.","La estereoisomería trata de isómeros que tienen diferente disposición de átomos en el espacio pero que no se diferencian en cuanto a la forma de unión de sus átomos o la multiplicidad de los enlaces (p. ej., si son simples, dobles o triples) entre ellos mismos.","20.3.NoS,20.3.U1,20.3.U2,20.3.U3,20.3.U4,20.3.U5,20.3.AS1,20.3.AS2,20.3.AS3,20.3.AS4,20.3.AS5,20.3.G1,20.3.G2,20.3.G3,20.3.IM1,20.3.ToK1,20.3.ToK2,20.3.ToK3,20.3.Uz1,20.3.Uz2,20.3.Uz3"
21.1,Spectroscopic identification of organic compounds,Identificación espectroscópica de compuestos orgánicos,21,spectroscopic identification of organic compounds,0 checked out of 1,HL,Essential idea,2.0,"Although spectroscopic characterization techniques form the backbone of structural identification of compounds, typically no one technique results in a full structural identification of a molecule.","A pesar de que las técnicas de caracterización espectroscópicas constituyen el eje central de la identificación estructural de compuestos, generalmente no existe una única técnica que proporcione la identificación estructural completa de una molécula.","21.1.NoS,21.1.U1,21.1.U2,21.1.U3,21.1.AS1,21.1.AS2,21.1.G1,21.1.G2,21.1.G3,21.1.G4,21.1.IM1,21.1.ToK1,21.1.Uz1,21.1.Uz2,21.1.Uz3,21.1.Aims1"
A.1,Materials science introduction,Introducción a la ciencia de los materiales,A (core),materials,1 checked out of 1,core,Essential idea,1.5,"Materials science involves understanding the properties of a material, and then applying those properties to desired structures.","La ciencia de los materiales trata de la comprensión de las propiedades de un material, y luego la aplicación de dichas propiedades a las estructuras deseadas.","A.1.NoS1,A.1.NoS2,A.1.U1,A.1.U2,A.1.U3,A.1.AS1,A.1.AS2,A.1.AS3,A.1.G1,A.1.G2,A.1.G3,A.1.IM1,A.1.ToK1,A.1.Aims1,A.1.Aims2"
A.2,Metals and inductively coupled plasma (ICP) spectroscopy,Los metales y la espectroscopía con fuente de plasma de acoplamiento inductivo (ICP),A (core),materials,1 checked out of 1,core,Essential idea,4.0,Metals can be extracted from their ores and alloyed for desired characteristics. ICP-MS/OES Spectroscopy ionizes metals and uses mass and emission spectra for analysis.,Los metales se extraen de sus minerales y se forman aleaciones para lograr las características deseadas. La espectroscopía ICPMS/ OES ioniza los metales y usa espectros de masa y emisión para el análisis.,"A.2.NoS1,A.2.NoS2,A.2.U1,A.2.U2,A.2.U3,A.2.U4,A.2.U5,A.2.AS1,A.2.AS2,A.2.AS3,A.2.AS4,A.2.AS5,A.2.AS6,A.2.AS7,A.2.AS8,A.2.AS9,A.2.AS10,A.2.G1,A.2.G2,A.2.G3,A.2.G4,A.2.IM1,A.2.ToK1,A.2.Aims1,A.2.Aims2,A.2.Aims3"
A.3,Catalysts,Catalizadores,A (core),materials,1 checked out of 1,core,Essential idea,1.5,Catalysts work by providing an alternate reaction pathway for the reaction. Catalysts always increase the rate of the reaction and are left unchanged at the end of the reaction.,Los catalizadores proporcionan una ruta de reacción alternativa. Los catalizadores siempre aumentan la velocidad de la reacción y permanecen inalterados al final de la misma.,"A.3.NoS,A.3.U1,A.3.U2,A.3.U3,A.3.U4,A.3.U5,A.3.AS1,A.3.AS2,A.3.AS3,A.3.G1,A.3.G2,A.3.IM1,A.3.ToK1,A.3.Aims1,A.3.Aims2,A.3.Aims3,A.3.Aims4"
A.4,Liquid crystals,Cristales líquidos,A (core),materials,1 checked out of 1,core,Essential idea,2.0,Liquid crystals are fluids that have physical properties which are dependent on molecular orientation relative to some fixed axis in the material.,Los cristales líquidos son fluidos cuyas propiedades físicas dependen de la orientación molecular respecto de algunos ejes fijos del material.,"A.4.NoS,A.4.U1,A.4.U2,A.4.U3,A.4.U4,A.4.AS1,A.4.AS2,A.4.G1,A.4.G2,A.4.G3,A.4.G4,A.4.IM1,A.4.ToK1,A.4.Aims1,A.4.Aims2"
A.5,Polymers,Polímeros,A (core),materials,1 checked out of 1,core,Essential idea,2.0,Polymers are made up of repeating monomer units which can be manipulated in various ways to give structures with desired properties.,Los polímeros están formados por unidades de monómeros repetidas que se pueden manipular de varias formas para poder obtener estructuras con las propiedades deseadas.,"A.5.NoS1,A.5.NoS2,A.5.NoS3,A.5.U1,A.5.U2,A.5.U3,A.5.U4,A.5.U5,A.5.U6,A.5.U7,A.5.U8,A.5.U9,A.5.AS1,A.5.AS2,A.5.AS3,A.5.AS4,A.5.AS5,A.5.G1,A.5.G2,A.5.IM1,A.5.Aims1"
A.6,Nanotechnology,Nanotecnología,A (core),materials,1 checked out of 1,core,Essential idea,2.0,Chemical techniques position atoms in molecules using chemical reactions whilst physical techniques allow atoms/molecules to be manipulated and positioned to specific requirements.,"Las técnicas químicas ubican a los átomos en las moléculas usando reacciones químicas, mientras que las técnicas físicas permiten manipular y ubicar a los átomos/moléculas para satisfacer requisitos específicos.","A.6.NoS1,A.6.NoS2,A.6.U1,A.6.U2,A.6.U3,A.6.AS1,A.6.AS2,A.6.AS3,A.6.AS4,A.6.AS5,A.6.AS6,A.6.AS7,A.6.G1,A.6.G2,A.6.IM1,A.6.IM2,A.6.ToK1,A.6.ToK2,A.6.Uz1,A.6.Aims1,A.6.Aims2"
A.7,Environmental impact—plastics,Impacto ambiental: plásticos,A (core),materials,1 checked out of 1,core,Essential idea,2.0,Although materials science generates many useful new products there are challenges associated with recycling of and high levels of toxicity of some of these materials.,"A pesar de que la ciencia de los materiales genera muchos productos nuevos, existen cuestionamientos relacionados con el reciclado y los elevados niveles de toxicidad de algunos de estos materiales.","A.7.NoS,A.7.U1,A.7.U2,A.7.U3,A.7.U4,A.7.U5,A.7.U6,A.7.AS1,A.7.AS2,A.7.AS3,A.7.AS4,A.7.AS5,A.7.AS6,A.7.G1,A.7.G2,A.7.G3,A.7.G4,A.7.G5,A.7.G6,A.7.IM1,A.7.IM2,A.7.ToK1,A.7.Aims1,A.7.Aims2"
A.8,Superconducting metals and X-ray crystallography,Metales superconductores y cristalografía de rayos X,A (HL),materials,1 checked out of 1,HL,Essential idea,5.0,Superconductivity is zero electrical resistance and expulsion of magnetic fields. X-ray crystallography can be used to analyse structures.,La superconductividad es la ausencia de resistencia eléctrica y la expulsión de los campos magnéticos. La cristalografía de rayos X se puede usar para analizar estructuras.,"A.8.NoS,A.8.U1,A.8.U2,A.8.U3,A.8.U4,A.8.U5,A.8.U6,A.8.U7,A.8.U8,A.8.U9,A.8.AS1,A.8.AS2,A.8.AS3,A.8.AS4,A.8.AS5,A.8.G1,A.8.G2,A.8.G3,A.8.G4,A.8.G5,A.8.IM1,A.8.ToK1,A.8.Aims1"
A.9,Condensation polymers,Polímeros de condensación,A (HL),materials,1 checked out of 1,HL,Essential idea,2.0,Condensation polymers are formed by the loss of small molecules as functional groups from monomers join.,Los polímeros de condensación se forman por la pérdida de moléculas pequeñas cuando los grupos funcionales de los monómeros se unen.,"A.9.NoS,A.9.U1,A.9.U2,A.9.U3,A.9.AS1,A.9.AS2,A.9.AS3,A.9.AS4,A.9.G1,A.9.IM1,A.9.Aims1"
A.10,Environmental impact—heavy metals,Impacto ambiental: metales pesados,A (HL),materials,1 checked out of 1,HL,Essential idea,3.0,"Toxicity and carcinogenic properties of heavy metals are the result of their ability to form coordinated compounds, have various oxidation states and act as catalysts in the human body.","La toxicidad y las propiedades cancerígenas de los metales pesados son consecuencia de su capacidad de formar compuestos coordinados, de poseer varios estados de oxidación y de actuar como catalizadores en el cuerpo humano.","A.10.NoS,A.10.U1,A.10.U2,A.10.U3,A.10.AS1,A.10.AS2,A.10.AS3,A.10.AS4,A.10.G1,A.10.G2,A.10.G3,A.10.ToK1,A.10.Aims1,A.10.Aims2"
B.1,Introduction to biochemistry,Introducción a la bioquímica,B (core),biochemistry,1 checked out of 1,core,Essential idea,1.0,Metabolic reactions involve a complex interplay between many different components in highly controlled environments,Las reacciones metabólicas implican una compleja interacción entre muchos componentes diferentes en ambientes extremadamente controlados.,"B.1.NoS,B.1.U1,B.1.U2,B.1.U3,B.1.U4,B.1.U5,B.1.U6,B.1.AS1,B.1.AS2,B.1.G1,B.1.IM1,B.1.Uz1"
B.2,Proteins and enzymes,Proteínas y enzimas,B (core),biochemistry,1 checked out of 1,core,Essential idea,4.0,Proteins are the most diverse of the biopolymers responsible for metabolism and structural integrity of living organisms.,Las proteínas son los biopolímeros más diversos responsables del metabolismo y la integridad estructural de los seres vivos.,"B.2.NoS,B.2.U1,B.2.U2,B.2.U3,B.2.U4,B.2.U5,B.2.U6,B.2.U7,B.2.AS1,B.2.AS2,B.2.AS3,B.2.AS4,B.2.AS5,B.2.AS6,B.2.G1,B.2.G2,B.2.G3,B.2.G4,B.2.IM1,B.2.Uz1,B.2.Uz2,B.2.Uz3,B.2.Aims1,B.2.Aims2,B.2.Aims3"
B.3,Lipids,Lípidos,B (core),biochemistry,1 checked out of 1,core,Essential idea,5.0,Lipids are a broad group of biomolecules that are largely non-polar and therefore insoluble in water.,Los lípidos son un grupo de biomoléculas extremadamente no polares y por lo tanto insolubles en agua.,"B.3.NoS,B.3.U1,B.3.U2,B.3.U3,B.3.U4,B.3.U5,B.3.U6,B.3.AS1,B.3.AS2,B.3.AS3,B.3.AS4,B.3.AS5,B.3.AS6,B.3.G1,B.3.G2,B.3.G3,B.3.IM1,B.3.ToK1,B.3.ToK2,B.3.Uz1,B.3.Uz2,B.3.Aims1"
B.4,Carbohydrates,Hidratos de carbono,B (core),biochemistry,1 checked out of 1,core,Essential idea,2.0,"Carbohydrates are oxygen-rich biomolecules, which play a central role in metabolic reactions of energy transfer.","Los hidratos de carbono son biomoléculas ricas en oxígeno, que juegan un papel primordial en las reacciones metabólicas de transferencia de energía.","B.4.NoS1,B.4.NoS2,B.4.U1,B.4.U2,B.4.U3,B.4.U4,B.4.U5,B.4.U6,B.4.AS1,B.4.AS2,B.4.G1,B.4.G2,B.4.G3,B.4.IM1,B.4.IM2,B.4.IM3,B.4.ToK1,B.4.Uz1,B.4.Uz2,B.4.Aims1,B.4.Aims2"
B.5,Vitamins,Vitaminas,B (core),biochemistry,1 checked out of 1,core,Essential idea,1.0,Vitamins are organic micronutrients with diverse functions that must be obtained from the diet.,Las vitaminas son micronutrientes orgánicos con diversas funciones que se deben obtener de la dieta.,"B.5.NoS,B.5.U1,B.5.U2,B.5.U3,B.5.U4,B.5.AS1,B.5.AS2,B.5.G1,B.5.G2,B.5.IM1,B.5.IM2,B.5.ToK1,B.5.ToK2,B.5.Aims1"
B.6,Biochemistry and the environment,Bioquímica y ambiente,B (core),biochemistry,1 checked out of 1,core,Essential idea,2.0,"Our increasing knowledge of biochemistry has led to several environmental problems, while also helping to solve others.","El aumento de nuestros conocimientos de bioquímica ha traído como consecuencia algunos problemas ambientales, mientras que ha ayudado a resolver otros.","B.6.NoS,B.6.U1,B.6.U2,B.6.U3,B.6.U4,B.6.U5,B.6.U6,B.6.U7,B.6.AS1,B.6.AS2,B.6.AS3,B.6.AS4,B.6.AS5,B.6.G1,B.6.G2,B.6.IM1,B.6.IM2,B.6.Aims1,B.6.Aims2,B.6.Aims3"
B.7,Proteins and enzymes,Proteínas y enzimas,B (HL),biochemistry,1 checked out of 1,HL,Essential idea,3.0,Analyses of protein activity and concentration are key areas of biochemical research.,El análisis de la actividad enzimática y la concentración son áreas clave de la investigación bioquímica.,"B.7.NoS1,B.7.NoS2,B.7.U1,B.7.U2,B.7.U3,B.7.AS1,B.7.AS2,B.7.AS3,B.7.AS4,B.7.AS5,B.7.G1,B.7.G2,B.7.G3,B.7.IM1,B.7.ToK1,B.7.Uz1,B.7.Aims1,B.7.Aims2,B.7.Aims3"
B.8,Nucleic acids,Ácidos nucleicos,B (HL),biochemistry,1 checked out of 1,HL,Essential idea,2.0,DNA is the genetic material that expresses itself by controlling the synthesis of proteins by the cell.,El ADN es el material genético que se expresa controlando la síntesis de proteínas en la célula.,"B.8.NoS1,B.8.NoS2,B.8.U1,B.8.U2,B.8.U3,B.8.U4,B.8.U5,B.8.U6,B.8.AS1,B.8.AS2,B.8.AS3,B.8.AS4,B.8.AS5,B.8.G1,B.8.G2,B.8.G3,B.8.G4,B.8.IM1,B.8.IM2,B.8.IM3,B.8.ToK1,B.8.ToK2,B.8.ToK3,B.8.ToK4,B.8.Uz1,B.8.Uz2,B.8.Aims1,B.8.Aims2,B.8.Aims3,B.8.Aims4"
B.9,Biological pigments,Pigmentos biológicos,B (HL),biochemistry,1 checked out of 1,HL,Essential idea,3.0,Biological pigments include a variety of chemical structures with diverse functions which absorb specific wavelengths of light.,Los pigmentos biológicos comprenden una variedad de estructuras químicas con diversas funciones que absorben luz de longitudes de onda específicas.,"B.9.NoS,B.9.U1,B.9.U2,B.9.U3,B.9.U4,B.9.U5,B.9.U6,B.9.U7,B.9.AS1,B.9.AS2,B.9.AS3,B.9.AS4,B.9.AS5,B.9.AS6,B.9.AS7,B.9.AS8,B.9.G1,B.9.G2,B.9.G3,B.9.IM1,B.9.ToK1,B.9.Uz1,B.9.Uz2,B.9.Uz3,B.9.Uz4,B.9.Aims1,B.9.Aims2"
B.10,Stereochemistry in biomolecules,Estereoquímica en las biomoléculas,B (HL),biochemistry,1 checked out of 1,HL,Essential idea,2.0,Most biochemical processes are stereospecific and involve only molecules with certain configuration of chiral carbon atoms.,La mayoría de los procesos bioquímicos son estereoespecíficos e implican solo moléculas con cierta configuración de los átomos de carbono quirales.,"B.10.NoS,B.10.U1,B.10.U2,B.10.U3,B.10.U4,B.10.U5,B.10.AS1,B.10.AS2,B.10.AS3,B.10.AS4,B.10.G1,B.10.G2,B.10.IM1,B.10.Aims1"
C.1,Energy sources,Fuentes de energía,C (core),energy,1 checked out of 1,core,Essential idea,3.0,Societies are completely dependent on energy resources. The quantity of energy is conserved in any conversion but the quality is degraded.,"Las sociedades son completamente dependientes de los recursos energéticos. En cualquier conversión, la cantidad de energía se conserva, pero la calidad se degrada.","C.1.NoS,C.1.U1,C.1.U2,C.1.U3,C.1.U4,C.1.U5,C.1.U6,C.1.AS1,C.1.AS2,C.1.AS3,C.1.AS4,C.1.AS5,C.1.IM1,C.1.IM2,C.1.ToK1,C.1.ToK2,C.1.Aims1,C.1.Aims2,C.1.Aims3,C.1.Aims4"
C.2,Fossil fuels,Combustibles fósiles,C (core),energy,1 checked out of 1,core,Essential idea,3.0,The energy of fossil fuels originates from solar energy which has been stored by chemical processes over time. These abundant resources are non- renewable but provide large amounts of energy due to the nature of chemical bonds in hydrocarbons.,La energía de los combustibles fósiles se origina a partir de la energía solar almacenada por medio de procesos químicos en el transcurso del tiempo. Estos recursos abundantes no son renovables pero proporcionan gran cantidad de energía debido a la naturaleza de los enlaces químicos presentes en los hidrocarburos.,"C.2.NoS,C.2.U1,C.2.U2,C.2.U3,C.2.U4,C.2.U5,C.2.U6,C.2.U7,C.2.AS1,C.2.AS2,C.2.AS3,C.2.AS4,C.2.AS5,C.2.AS6,C.2.G1,C.2.IM1,C.2.IM2,C.2.IM3,C.2.Aims1,C.2.Aims2,C.2.Aims3,C.2.Aims4"
C.3,Nuclear fusion and fission,Fusión y fisión nuclear,C (core),energy,1 checked out of 1,core,Essential idea,4.0,The fusion of hydrogen nuclei in the sun is the source of much of the energy needed for life on Earth. There are many technological challenges in replicating this process on Earth but it would offer a rich source of energy. Fission involves the splitting of a large unstable nucleus into smaller stable nuclei.,"La fusión de los núcleos de hidrógeno en el Sol es la fuente de gran parte de la energía necesaria para la vida en la Tierra. Existen muchos desafíos tecnológicos para reproducir este proceso en la Tierra, pero si se logra podría ofrecer una abundante fuente de energía. La fisión implica la ruptura de núcleos grandes inestables en núcleos más pequeños y estables.","C.3.NoS,C.3.U1,C.3.U2,C.3.U3,C.3.U4,C.3.U5,C.3.U6,C.3.U7,C.3.U8,C.3.U9,C.3.AS1,C.3.AS2,C.3.AS3,C.3.AS4,C.3.AS5,C.3.AS6,C.3.AS7,C.3.G1,C.3.G2,C.3.G3,C.3.G4,C.3.IM1,C.3.IM2,C.3.IM3,C.3.ToK1,C.3.Aims1,C.3.Aims2"
C.4,Solar energy,Energía solar,C (core),energy,1 checked out of 1,core,Essential idea,2.0,Visible light can be absorbed by molecules that have a conjugated structure with an extended system of alternating single and multiple bonds. Solar energy can be converted to chemical energy in photosynthesis.,La luz visible puede ser absorbida por moléculas que tengan estructura conjugada con un sistema extendido de enlaces simples y múltiples alternados. La fotosíntesis convierte energía solar en energía química.,"C.4.NoS,C.4.U1,C.4.U2,C.4.U3,C.4.U4,C.4.U5,C.4.U6,C.4.U7,C.4.AS1,C.4.AS2,C.4.AS3,C.4.AS4,C.4.G1,C.4.ToK1,C.4.Aims1,C.4.Aims2,C.4.Aims3"
C.5,Environmental impact—global warming,Impacto ambiental: calentamiento global,C (core),energy,1 checked out of 1,core,Essential idea,3.0,Gases in the atmosphere that are produced by human activities are changing the climate as they are upsetting the balance between radiation entering and leaving the atmosphere.,Los gases de la atmósfera producidos por las actividades humanas están cambiando el clima puesto que están perturbando el equilibrio entre la radiación entrante y saliente de la atmósfera.,"C.5.NoS1,C.5.NoS2,C.5.NoS3,C.5.U1,C.5.U2,C.5.U3,C.5.U4,C.5.AS1,C.5.AS2,C.5.AS3,C.5.AS4,C.5.AS5,C.5.G1,C.5.IM1,C.5.ToK1,C.5.Aims1,C.5.Aims2,C.5.Aims3"
C.6,"Electrochemistry, rechargeable batteries and fuel cells","Electroquímica, baterías recargables y pilas de combustible",C (HL),energy,1 checked out of 1,HL,Essential idea,4.0,Chemical energy from redox reactions can be used as a portable source of electrical energy.,La energía química de las reacciones rédox se puede usar como fuente portátil de energía eléctrica.,"C.6.NoS,C.6.U1,C.6.U2,C.6.U3,C.6.U4,C.6.U5,C.6.U6,C.6.U7,C.6.AS1,C.6.AS2,C.6.AS3,C.6.AS4,C.6.AS5,C.6.AS6,C.6.AS7,C.6.G1,C.6.G2,C.6.G3,C.6.G4,C.6.G5,C.6.G6,C.6.IM1,C.6.ToK1,C.6.Aims1,C.6.Aims2,C.6.Aims3,C.6.Aims4,C.6.Aims5"
C.7,Nuclear fusion and nuclear fission,Fusión nuclear y fisión nuclear,C (HL),energy,1 checked out of 1,HL,Essential idea,3.0,Large quantities of energy can be obtained from small quantities of matter.,Se puede obtener gran cantidad de energía a partir de pequeña cantidad de materia.,"C.7.NoS,C.7.U1,C.7.U2,C.7.U3,C.7.U4,C.7.U5,C.7.U6,C.7.U7,C.7.AS1,C.7.AS2,C.7.AS3,C.7.AS4,C.7.AS5,C.7.AS6,C.7.AS7,C.7.G1,C.7.G2,C.7.G3,C.7.G4,C.7.G5,C.7.G6,C.7.IM1,C.7.IM2,C.7.ToK1,C.7.ToK2,C.7.Aims1,C.7.Aims2"
C.8,Photovoltaic and dye-sensitized solar cells,Células fotovoltaicas y células solares sensibilizadas por colorante (DSSC),C (HL),energy,1 checked out of 1,HL,Essential idea,3.0,"When solar energy is converted to electrical energy the light must be absorbed and charges must be separated. In a photovoltaic cell both of these processes occur in the silicon semiconductor, whereas these processes occur in separate locations in a dye-sensitized solar cell (DSSC).","Cuando la energía solar se convierte en energía eléctrica es preciso absorber la luz y separar las cargas. En una célula fotovoltaica ambos procesos ocurren en el semiconductor de silicio, mientras que en una célula solar sensibilizada por colorante (DSSC), ambos procesos se producen por separado.","C.8.NoS1,C.8.NoS2,C.8.U1,C.8.U2,C.8.U3,C.8.U4,C.8.U5,C.8.U6,C.8.AS1,C.8.AS2,C.8.AS3,C.8.AS4,C.8.G1,C.8.G2,C.8.G3,C.8.G4,C.8.IM1,C.8.ToK1,C.8.Aims1,C.8.Aims2"
D.1,Pharmaceutical products and drug action,Acción de los productos farmacéuticos y las drogas,D (core),medicinal chemistry,1 checked out of 1,core,Essential idea,1.0,Medicines and drugs have a variety of different effects on the functioning of the body.,Las medicinas y drogas tienen varios efectos sobre el funcionamiento del organismo.,"D.1.NoS,D.1.U1,D.1.U2,D.1.U3,D.1.U4,D.1.U5,D.1.U6,D.1.U7,D.1.AS1,D.1.AS2,D.1.AS3,D.1.G1,D.1.IM1,D.1.ToK1,D.1.ToK2,D.1.ToK3,D.1.Aims1,D.1.Aims2"
D.2,Aspirin and penicillin,Aspirina y penicilina,D (core),medicinal chemistry,1 checked out of 1,core,Essential idea,5.0,Natural products with useful medicinal properties can be chemically altered to produce more potent or safer medicines.,Los productos naturales con propiedades medicinales útiles se pueden alterar químicamente para producir medicinas más seguras y potentes.,"D.2.NoS1,D.2.NoS2,D.2.U1,D.2.U2,D.2.U3,D.2.U4,D.2.U5,D.2.U6,D.2.U7,D.2.AS1,D.2.AS2,D.2.AS3,D.2.AS4,D.2.AS5,D.2.AS6,D.2.AS7,D.2.G1,D.2.G2,D.2.IM1,D.2.IM2,D.2.ToK1,D.2.ToK2,D.2.Aims1,D.2.Aims2"
D.3,Opiates,Opiáceos,D (core),medicinal chemistry,1 checked out of 1,core,Essential idea,2.0,Potent medical drugs prepared by chemical modification of natural products can be addictive and become substances of abuse.,Las drogas medicinales potentes preparadas por modificación química de productos naturales pueden ser adictivas y transformarse en sustancias de abuso.,"D.3.NoS,D.3.U1,D.3.U2,D.3.U3,D.3.U4,D.3.AS1,D.3.AS2,D.3.AS3,D.3.AS4,D.3.AS5,D.3.AS6,D.3.G1,D.3.IM1,D.3.ToK1,D.3.Aims1"
D.4,pH regulation of the stomach,Regulación del pH del estómago,D (core),medicinal chemistry,1 checked out of 1,core,Essential idea,3.0,Excess stomach acid is a common problem that can be alleviated by compounds that increase the stomach pH by neutralizing or reducing its secretion.,El exceso de acidez estomacal es un problema frecuente y se puede aliviar por medio de compuestos que aumenten el pH del estómago neutralizando o reduciendo su secreción.,"D.4.NoS,D.4.U1,D.4.U2,D.4.AS1,D.4.AS2,D.4.AS3,D.4.AS4,D.4.AS5,D.4.G1,D.4.G2,D.4.IM1,D.4.ToK1,D.4.Aims1"
D.5,Anti-viral medications,Medicamentos antivirales,D (core),medicinal chemistry,1 checked out of 1,core,Essential idea,2.0,Antiviral medications have recently been developed for some viral infections while others are still being researched.,"Para algunas infecciones víricas, recientemente han sido desarrollados medicamentos antivirales, mientras que para otras aún se están investigando.","D.5.NoS,D.5.U1,D.5.U2,D.5.AS1,D.5.AS2,D.5.AS3,D.5.AS4,D.5.AS5,D.5.G1,D.5.IM1,D.5.Aims1"
D.6,Environmental impact of some medications,Impacto ambiental de algunos medicamentos,D (core),medicinal chemistry,1 checked out of 1,core,Essential idea,2.0,"The synthesis, isolation, and administration of medications can have an effect on the environment.","La síntesis, aislamiento y administración de medicamentos pueden tener un efecto sobre el ambiente.","D.6.NoS,D.6.U1,D.6.U2,D.6.U3,D.6.AS1,D.6.AS2,D.6.AS3,D.6.AS4,D.6.AS5,D.6.G1,D.6.IM1,D.6.IM2,D.6.IM3,D.6.ToK1,D.6.Aims1,D.6.Aims2,D.6.Aims3"
D.7,Taxol—a chiral auxiliary case study,Taxol: un estudio de caso de auxiliar quiral,D (HL),medicinal chemistry,1 checked out of 1,HL,Essential idea,2.0,Chiral auxiliaries allow the production of individual enantiomers of chiral molecules.,Los auxiliares quirales permiten la obtención de enantiómeros individuales de moléculas quirales.,"D.7.NoS1,D.7.NoS2,D.7.U1,D.7.U2,D.7.U3,D.7.AS1,D.7.AS2,D.7.AS3,D.7.G1,D.7.IM1,D.7.Aims1"
D.8,Nuclear medicine,Medicina nuclear,D (HL),medicinal chemistry,1 checked out of 1,HL,Essential idea,4.0,"Nuclear radiation, whilst dangerous owing to its ability to damage cells and cause mutations, can also be used to both diagnose and cure diseases.","La radiación nuclear, a pesar de ser peligrosa debido a su capacidad de dañar las células y causar mutaciones, también se puede usar para el diagnóstico y la cura de enfermedades.","D.8.NoS,D.8.U1,D.8.U2,D.8.U3,D.8.U4,D.8.AS1,D.8.AS2,D.8.AS3,D.8.AS4,D.8.AS5,D.8.AS6,D.8.G1,D.8.G2,D.8.IM1,D.8.ToK1"
D.9,Drug detection and analysis,Detección y análisis de drogas,D (HL),medicinal chemistry,1 checked out of 1,HL,Essential idea,4.0,"A variety of analytical techniques is used for detection, identification, isolation and analysis of medicines and drugs.","Para la detección, identificación, aislamiento y análisis de drogas y medicinas se usan varias técnicas analíticas.","D.9.NoS,D.9.U1,D.9.U2,D.9.AS1,D.9.AS2,D.9.AS3,D.9.AS4,D.9.G1,D.9.G2,D.9.IM1,D.9.ToK1,D.9.Aims1,D.9.Aims2,D.9.Aims3"